{"properties": [
  {
    "name": "los.auth.api",
    "type": "java.lang.String",
    "description": "A description for 'los.auth.api'"
  },
  {
    "name": "basic.auth.passcode",
    "type": "java.lang.String",
    "description": "A description for 'basic.auth.passcode'"
  },
  {
    "name": "cache.enabled",
    "type": "java.lang.String",
    "description": "A description for 'cache.enabled'"
  },
  {
    "name": "currentEnvironment",
    "type": "java.lang.String",
    "description": "A description for 'currentEnvironment'"
  }
]}