<?xml version="1.0" encoding="UTF-8"?>
<ehcache xmlns:xsi="http://www.w3.org/2001/XMLSchema-instance"
	xsi:noNamespaceSchemaLocation="http://www.ehcache.org/ehcache.xsd"
	updateCheck="true" monitoring="autodetect" dynamicConfig="true">


	<cache name="AFF_NO-LIST" maxElementsInMemory="100" eternal="false"
		overflowToDisk="false" timeToLiveSeconds="86400" timeToIdleSeconds="0"
		memoryStoreEvictionPolicy="LFU" transactionalMode="off">
	</cache>
	<cache name="VOL_TYPE_CD-LIST" maxElementsInMemory="100" eternal="false"
		overflowToDisk="false" timeToLiveSeconds="86400" timeToIdleSeconds="0"
		memoryStoreEvictionPolicy="LFU" transactionalMode="off">
	</cache>
	<cache name="VOL_TYPE_CD-MAP" maxElementsInMemory="100" eternal="false"
		overflowToDisk="false" timeToLiveSeconds="86400" timeToIdleSeconds="0"
		memoryStoreEvictionPolicy="LFU" transactionalMode="off">
	</cache>
	<cache name="BUS_NATR_CD-LIST" maxElementsInMemory="20" eternal="false"
		overflowToDisk="false" timeToLiveSeconds="86400" timeToIdleSeconds="0"
		memoryStoreEvictionPolicy="LFU" transactionalMode="off">
	</cache>
	<cache name="WWL03070_BNS_AWD_MST-LIST" maxElementsInMemory="500"
		eternal="false" overflowToDisk="false" timeToLiveSeconds="86400"
		timeToIdleSeconds="0" memoryStoreEvictionPolicy="LFU"
		transactionalMode="off">
	</cache>
	<cache name="WWL03070_BNS_AWD_MST-MAP" maxElementsInMemory="500"
		eternal="false" overflowToDisk="false" timeToLiveSeconds="86400"
		timeToIdleSeconds="0" memoryStoreEvictionPolicy="LFU"
		transactionalMode="off">
	</cache>
	<cache name="CURRENT_BNS_PERIOD-MAP" maxElementsInMemory="500"
		eternal="false" overflowToDisk="false" timeToLiveSeconds="86400"
		timeToIdleSeconds="0" memoryStoreEvictionPolicy="LFU"
		transactionalMode="off">
	</cache>
	<cache name="LOS_BUILD_PERIOD-MAP" maxElementsInMemory="500"
		eternal="false" overflowToDisk="false" timeToLiveSeconds="86400"
		timeToIdleSeconds="0" memoryStoreEvictionPolicy="LFU"
		transactionalMode="off">
	</cache>

	<cache name="CustomerDataByAbo" maxElementsInMemory="500000"
		eternal="false" overflowToDisk="false" timeToLiveSeconds="86400"
		timeToIdleSeconds="0" memoryStoreEvictionPolicy="LFU"
		transactionalMode="off">
	</cache>
	<cache name="CustomerDataByCustId" maxElementsInMemory="500000"
		eternal="false" overflowToDisk="false" timeToLiveSeconds="86400"
		timeToIdleSeconds="0" memoryStoreEvictionPolicy="LFU"
		transactionalMode="off">
	</cache>

</ehcache>