<?xml version="1.0" encoding="UTF-8"?>
<beans xmlns="http://www.springframework.org/schema/beans"
	xmlns:context="http://www.springframework.org/schema/context"
	xmlns:mvc="http://www.springframework.org/schema/mvc"
	xmlns:xsi="http://www.w3.org/2001/XMLSchema-instance"
	xmlns:p="http://www.springframework.org/schema/p"
	xmlns:cache="http://www.springframework.org/schema/cache"
	xsi:schemaLocation="
http://www.springframework.org/schema/beans
http://www.springframework.org/schema/beans/spring-beans-4.3.xsd
http://www.springframework.org/schema/context
http://www.springframework.org/schema/context/spring-context-4.3.xsd
http://www.springframework.org/schema/mvc
http://www.springframework.org/schema/mvc/spring-mvc-4.3.xsd
http://www.springframework.org/schema/beans http://www.springframework.org/schema/beans/spring-beans.xsd
http://www.springframework.org/schema/cache http://www.springframework.org/schema/cache/spring-cache.xsd">
	<cache:annotation-driven />
	<bean id="wxsCSDomain"
		class="com.ibm.websphere.objectgrid.spring.ObjectGridCatalogServiceDomainBean"
		p:catalog-service-endpoints="uslxcd85020:2809,uslxcd85021:2809,uslxcd85022:2809"
		p:client-security-config="\WEB-INF\classes\client.properties" />
	<bean id="wxsGridClient"
		class="com.ibm.websphere.objectgrid.spring.ObjectGridClientBean"
		p:catalog-service-domain-ref="wxsCSDomain" />
	<bean id="cacheManager"
		class="org.springframework.cache.support.SimpleCacheManager" primary="true" >
		<property name="caches">
			<set>
				<bean
					class="com.ibm.websphere.objectgrid.spring.ObjectGridCache"
					p:name="default" p:object-grid-client-ref="wxsGridClient" />
				<bean
					class="com.ibm.websphere.objectgrid.spring.ObjectGridCache"
					p:name="losAppLookupMap" p:object-grid-client-ref="wxsGridClient" />
				<bean
					class="com.ibm.websphere.objectgrid.spring.ObjectGridCache"
					p:name="losAppResponseMap" p:object-grid-client-ref="wxsGridClient" />
			</set>
		</property>
	</bean>
</beans>
